Player_ID,Draft_Year,Last,First,Suffix,PPR Best,Std Best,NCFF_Best,Y1_PPR,Y1_STD,Y1_NCFF,Y2_PPR,Y2_STD,Y2_NCFF,Y3_PPR,Y3_STD,Y3_NCFF,Y4_PPR,Y4_STD,Y4_NCFF,Y5_PPR,Y5_STD,Y5_NCFF
Willnead14,2014,Snead,Willie,,250,250,250,250,250,250,250,250,250,250,250,250,250,250,250,250,250,250
Allezard18,2018,Lazard,Allen,,250,250,250,250,250,250,250,250,250,250,250,250,250,250,250,250,250,250
Tyreiams15,2015,Williams,Tyrell,,250,250,250,250,250,250,250,250,250,250,250,250,250,250,250,250,250,250
DJhark18,2018,Chark,DJ,,250,250,250,250,250,250,250,250,250,250,250,250,250,250,250,250,250,250
Mikeiams17,2017,Williams,Mike,,250,250,250,250,250,250,250,250,250,250,250,250,250,250,250,250,250,250
Curtmuel17,2017,Samuel,Curtis,,250,250,250,250,250,250,250,250,250,250,250,250,250,250,250,250,250,250
Vanrson20,2020,Jefferson,Van,,250,250,250,250,250,250,250,250,250,250,250,250,,,,,,
Kendurne17,2017,Bourne,Kendrick,,250,250,250,250,250,250,250,250,250,250,250,250,250,250,250,250,250,250
Nelsolor15,2015,Agholor,Nelson,,250,250,250,250,250,250,250,250,250,250,250,250,250,250,250,250,250,250
Adamries15,2015,Humphries,Adam,,250,250,250,250,250,250,250,250,250,250,250,250,250,250,250,250,250,250
Pauldson14,2014,Richardson,Paul,,250,250,250,250,250,250,250,250,250,250,250,250,250,250,250,250,250,250
Jakoyers19,2019,Meyers,Jakobi,,250,250,250,250,250,250,250,250,250,250,250,250,250,250,250,,,
Dederook17,2017,Westbrook,Dede,,250,250,250,250,250,250,250,250,250,250,250,250,250,250,250,250,250,250
Coreavis17,2017,Davis,Corey,,250,250,250,250,250,250,250,250,250,250,250,250,250,250,250,250,250,250
Zayones17,2017,Jones,Zay,,250,250,250,250,250,250,250,250,250,250,250,250,250,250,250,250,250,250
DeVarker15,2015,Parker,DeVante,,250,250,250,250,250,250,250,250,250,250,250,250,250,250,250,250,250,250
Michtman20,2020,Pittman,Michael,Jr.,250,250,250,250,250,250,250,250,250,250,250,250,,,,,,
Michllup18,2018,Gallup,Michael,,250,250,250,250,250,250,250,250,250,250,250,250,250,250,250,250,250,250
Davadams14,2014,Adams,Davante,,250,250,250,250,250,250,250,250,250,250,250,250,250,250,250,250,250,250
Chridwin17,2017,Godwin,Chris,,250,250,250,250,250,250,250,250,250,250,250,250,250,250,250,250,250,250
Kennaday17,2017,Golladay,Kenny,,250,250,250,250,250,250,250,250,250,250,250,250,250,250,250,250,250,250
Chosrson16,2016,Anderson,Chosen,,250,250,250,250,250,250,250,250,250,250,250,250,250,250,250,250,250,250
Allenson14,2014,Robinson,Allen,,250,250,250,250,250,250,250,250,250,250,250,250,250,250,250,250,250,250
Willller16,2016,Fuller,Will,,250,250,250,250,250,250,250,250,250,250,250,250,250,250,250,250,250,250
Devihess15,2015,Funchess,Devin,,250,250,250,250,250,250,250,250,250,250,250,250,250,250,250,250,250,250
TyleBoyd16,2016,Boyd,Tyler,,250,250,250,250,250,250,250,250,250,250,250,250,250,250,250,250,250,250
Martyant14,2014,Bryant,Martavis,,250,250,250,250,250,250,250,250,250,250,250,250,250,250,250,250,250,250
ChriKirk18,2018,Kirk,Christian,,250,250,250,250,250,250,250,250,250,250,250,250,250,250,250,250,250,250
Branooks14,2014,Cooks,Brandin,,250,250,250,250,250,250,250,250,250,250,250,250,250,250,250,250,250,250
Gabravis20,2020,Davis,Gabriel,,250,250,250,250,250,250,250,250,250,250,250,250,,,,,,
Huntfrow19,2019,Renfrow,Hunter,,250,250,250,250,250,250,250,250,250,250,250,250,250,250,250,,,
Johnrown14,2014,Brown,John,,250,250,250,250,250,250,250,250,250,250,250,250,250,250,250,250,250,250
Jamiwder15,2015,Crowder,Jamison,,250,250,250,250,250,250,250,250,250,250,250,250,250,250,250,250,250,250
Courtton18,2018,Sutton,Courtland,,250,250,250,250,250,250,250,250,250,250,250,250,250,250,250,250,250,250
Darnoney20,2020,Mooney,Darnell,,250,250,250,250,250,250,250,250,250,250,250,250,,,,,,
Alleurns14,2014,Hurns,Allen,,250,250,250,250,250,250,250,250,250,250,250,250,250,250,250,250,250,250
Jerreudy20,2020,Jeudy,Jerry,,250,250,250,250,250,250,250,250,250,250,250,250,,,,,,
Stefiggs15,2015,Diggs,Stefon,,250,250,250,250,250,250,250,250,250,250,250,250,250,250,250,250,250,250
Marqrown19,2019,Brown,Marquise,,250,250,250,250,250,250,250,250,250,250,250,250,250,250,250,,,
Dionnson19,2019,Johnson,Diontae,,250,250,250,250,250,250,250,250,250,250,250,250,250,250,250,,,
Tylekett15,2015,Lockett,Tyler,,250,250,250,250,250,250,250,250,250,250,250,250,250,250,250,250,250,250
Chritson22,2022,Watson,Christian,,250,250,250,250,250,250,,,,,,,,,,,,
Georkens22,2022,Pickens,George,,250,250,250,250,250,250,,,,,,,,,,,,
DJoore18,2018,Moore,D.J.,,250,250,250,250,250,250,250,250,250,250,250,250,250,250,250,250,250,250
Dariyton19,2019,Slayton,Darius,,250,250,250,250,250,250,250,250,250,250,250,250,250,250,250,,,
Jarvndry14,2014,Landry,Jarvis,,250,250,250,250,250,250,250,250,250,250,250,250,250,250,250,250,250,250
Sterpard16,2016,Shepard,Sterling,,250,250,250,250,250,250,250,250,250,250,250,250,250,250,250,250,250,250
Braniyuk20,2020,Aiyuk,Brandon,,250,250,250,250,250,250,250,250,250,250,250,250,,,,,,
Deebmuel19,2019,Samuel,Deebo,,250,250,250,250,250,250,250,250,250,250,250,250,250,250,250,,,
DKcalf19,2019,Metcalf,D.K.,,250,250,250,250,250,250,250,250,250,250,250,250,250,250,250,,,
Drakndon22,2022,London,Drake,,250,250,250,250,250,250,,,,,,,,,,,,
TyreHill16,2016,Hill,Tyreek,,250,250,250,250,250,250,250,250,250,250,250,250,250,250,250,250,250,250
Devomith21,2021,Smith,Devonta,,250,250,250,250,250,250,250,250,250,,,,,,,,,
Terrurin19,2019,McLaurin,Terry,,250,250,250,250,250,250,250,250,250,250,250,250,250,250,250,,,
Teegins20,2020,Higgins,Tee,,250,250,250,250,250,250,250,250,250,250,250,250,,,,,,
Sammkins14,2014,Watkins,Sammy,,250,250,250,250,250,250,250,250,250,250,250,250,250,250,250,250,250,250
CeeDLamb20,2020,Lamb,CeeDee,,250,250,250,250,250,250,250,250,250,250,250,250,,,,,,
Chrilave22,2022,Olave,Chris,,250,250,250,250,250,250,,,,,,,,,,,,
CoopKupp17,2017,Kupp,Cooper,,250,250,250,250,250,250,250,250,250,250,250,250,250,250,250,250,250,250
Jordhews14,2014,Matthews,Jordan,,250,250,250,250,250,250,250,250,250,250,250,250,250,250,250,250,250,250
Chaspool20,2020,Claypool,Chase,,250,250,250,250,250,250,250,250,250,250,250,250,,,,,,
Garrlson22,2022,Wilson,Garrett,,250,250,250,250,250,250,,,,,,,,,,,,
Amaroper15,2015,Cooper,Amari,,250,250,250,250,250,250,250,250,250,250,250,250,250,250,250,250,250,250
Calvdley18,2018,Ridley,Calvin,,250,250,250,250,250,250,250,250,250,250,250,250,250,250,250,250,250,250
JuJuster17,2017,Smith-Schuster,JuJu,,250,250,250,250,250,250,250,250,250,250,250,250,250,250,250,250,250,250
Amonrown21,2021,St. Brown,Amon-Ra,,250,250,250,250,250,250,250,250,250,,,,,,,,,
AJrown19,2019,Brown,A.J.,,250,250,250,250,250,250,250,250,250,250,250,250,250,250,250,,,
Kelvamin14,2014,Benjamin,Kelvin,,250,250,250,250,250,250,250,250,250,250,250,250,250,250,250,250,250,250
Mikevans14,2014,Evans,Mike,,250,250,250,250,250,250,250,250,250,250,250,250,250,250,250,250,250,250
Jaylddle21,2021,Waddle,Jaylen,,250,250,250,250,250,250,250,250,250,,,,,,,,,
Odelkham14,2014,Beckham,Odell,Jr.,250,250,250,250,250,250,250,250,250,250,250,250,250,250,250,250,250,250
Justrson20,2020,Jefferson,Justin,,250,250,250,250,250,250,250,250,250,250,250,250,,,,,,
Michomas16,2016,Thomas,Michael,,250,250,250,250,250,250,250,250,250,250,250,250,250,250,250,250,250,250
JaMahase21,2021,Chase,Ja'Marr,,250,250,250,250,250,250,250,250,250,,,,,,,,,
Jahatson22,2022,Dotson,Jahan,,250,250,250,250,250,250,,,,,,,,,,,,
Alecerce22,2022,Pierce,Alec,,250,250,250,250,250,250,,,,,,,,,,,,
Rashheed22,2022,Shaheed,Rashid,,250,250,250,250,250,250,,,,,,,,,,,,
Romeoubs22,2022,Doubs,Romeo,,250,250,250,250,250,250,,,,,,,,,,,,
Treyurks22,2022,Burks,Treylon,,250,250,250,250,250,250,,,,,,,,,,,,
Tyqunton22,2022,Thornton,Tyquan,,250,250,250,250,250,250,,,,,,,,,,,,
Wandnson22,2022,Robinson,Wan'Dale,,250,250,250,250,250,250,,,,,,,,,,,,
Skyyoore22,2022,Moore,Skyy,,250,250,250,250,250,250,,,,,,,,,,,,
Jaleilor22,2022,Nailor,Jalen,,250,250,250,250,250,250,,,,,,,,,,,,
Khalakir22,2022,Shakir,Khalil,,250,250,250,250,250,250,,,,,,,,,,,,
DaviBell22,2022,Bell,David,,250,250,250,250,250,250,,,,,,,,,,,,
Veluones22,2022,Jones,Velus,Jr.,250,250,250,250,250,250,,,,,,,,,,,,
Samooure22,2022,Toure,Samori,,250,250,250,250,250,250,,,,,,,,,,,,
Jalergil22,2022,Virgil,Jalen,,250,250,250,250,250,250,,,,,,,,,,,,
Jameiams22,2022,Williams,Jameson,,250,250,250,250,250,250,,,,,,,,,,,,
Kylelips22,2022,Philips,Kyle,,250,250,250,250,250,250,,,,,,,,,,,,
Andrllia20,2022,Baccellia,Andre,,250,250,250,250,250,250,,,,,,,,,,,,
Dareoung22,2022,Young,Dareke,,250,250,250,250,250,250,,,,,,,,,,,,
Devekins22,2022,Thompkins,Deven,,250,250,250,250,250,250,,,,,,,,,,,,
DannGray22,2022,Gray,Danny,,250,250,250,250,250,250,,,,,,,,,,,,
Jalebert22,2022,Tolbert,Jalen,,250,250,250,250,250,250,,,,,,,,,,,,
Brayders22,2022,Sanders,Braylon,,250,250,250,250,250,250,,,,,,,,,,,,
Erikanma22,2022,Ezukanma,Erik,,250,250,250,250,250,250,,,,,,,,,,,,
Montgton22,2022,Washington,Montrell,,250,250,250,250,250,250,,,,,,,,,,,,
Joshlmer21,2021,Palmer,Josh,,250,250,250,250,250,250,250,250,250,,,,,,,,,
Elijoore21,2021,Moore,Elijah,,250,250,250,250,250,250,250,250,250,,,,,,,,,
Rasheman21,2021,Bateman,Rashod,,250,250,250,250,250,250,250,250,250,,,,,,,,,
Nicolins21,2021,Collins,Nico,,250,250,250,250,250,250,250,250,250,,,,,,,,,
Terrhall21,2021,Marshall,Terrace,Jr.,250,250,250,250,250,250,250,250,250,,,,,,,,,
Rondoore21,2021,Moore,Rondale,,250,250,250,250,250,250,250,250,250,,,,,,,,,
Benonek21,2021,Skowronek,Ben,,250,250,250,250,250,250,250,250,250,,,,,,,,,
Kadaoney21,2021,Toney,Kadarius,,250,250,250,250,250,250,250,250,250,,,,,,,,,
Shimith21,2021,Smith,Shi,,250,250,250,250,250,250,250,250,250,,,,,,,,,
Tutuwell21,2021,Atwell,Tutu,,250,250,250,250,250,250,250,250,250,,,,,,,,,
Dyamrown21,2021,Brown,Dyami,,250,250,250,250,250,250,250,250,250,,,,,,,,,
Amargers21,2021,Rodgers,Amari,,250,250,250,250,250,250,250,250,250,,,,,,,,,
Ihmiette21,2021,Smith-Marsette,Ihmir,,250,250,250,250,250,250,250,250,250,,,,,,,,,
Anthartz21,2021,Schwartz,Anthony,,250,250,250,250,250,250,250,250,250,,,,,,,,,
Daxilne21,2021,Milne,Dax,,250,250,250,250,250,250,250,250,250,,,,,,,,,
DWayidge21,2021,Eskridge,D'Wayne,,250,250,250,250,250,250,250,250,250,,,,,,,,,
Dezrick21,2021,Fitzpatrick,Dez,,250,250,250,250,250,250,250,250,250,,,,,,,,,
Mikechan21,2021,Strachan,Mike,,250,250,250,250,250,250,250,250,250,,,,,,,,,
RaceMath21,2021,McMath,Racey,,250,250,250,250,250,250,250,250,250,,,,,,,,,
Tylalace21,2021,Wallace,Tylan,,250,250,250,250,250,250,250,250,250,,,,,,,,,
Timones21,2021,Jones,Tim,,250,250,250,250,250,250,250,250,250,,,,,,,,,
Jaelrden21,2021,Darden,Jaelon,,250,250,250,250,250,250,250,250,250,,,,,,,,,
Cadenson21,2021,Johnson,Cade,,250,250,250,250,250,250,250,250,250,,,,,,,,,
Simihoko21,2021,Fehoko,Simi,,250,250,250,250,250,250,250,250,250,,,,,,,,,
Franarby21,2021,Darby,Frank,,250,250,250,250,250,250,250,250,250,,,,,,,,,
Sethiams21,2021,Williams,Seth,,250,250,250,250,250,250,250,250,250,,,,,,,,,
JaleCamp21,2021,Camp,Jalen,,250,250,250,250,250,250,250,250,250,,,,,,,,,
Jacorris21,2021,Harris,Jacob,,250,250,250,250,250,250,250,250,250,,,,,,,,,
Dazzsome21,2021,Newsome,Dazz,,250,250,250,250,250,250,250,250,250,,,,,,,,,
Tarilack21,2021,Black,Tarik,,250,250,250,250,250,250,250,250,250,,,,,,,,,
Bresiman15,2015,Perriman,Breshad,,250,250,250,250,250,250,250,250,250,250,250,250,250,250,250,250,250,250
Philsett15,2015,Dorsett,Phillip,,250,250,250,250,250,250,250,250,250,250,250,250,250,250,250,250,250,250
Kevihite15,2015,White,Kevin,,250,250,250,250,250,250,250,250,250,250,250,250,250,250,250,250,250,250
Henruggs20,2020,Ruggs,Henry,III,250,250,250,250,250,250,250,250,250,250,250,250,,,,,,
Jaleagor20,2020,Reagor,Jalen,,250,250,250,250,250,250,250,250,250,250,250,250,,,,,,
NKeaarry19,2019,Harry,N'Keal,,250,250,250,250,250,250,250,250,250,250,250,250,250,250,250,,,
JohnRoss17,2017,Ross,John,,250,250,250,250,250,250,250,250,250,250,250,250,250,250,250,250,250,250
Joshtson16,2016,Doctson,Josh,,250,250,250,250,250,250,250,250,250,250,250,250,250,250,250,250,250,250
Coreeman16,2016,Coleman,Corey,,250,250,250,250,250,250,250,250,250,250,250,250,250,250,250,250,250,250
Laquwell16,2016,Treadwell,Laquon,,250,250,250,250,250,250,250,250,250,250,250,250,250,250,250,250,250,250
MarqLee14,2014,Lee,Marqise,,250,250,250,250,250,250,250,250,250,250,250,250,250,250,250,250,250,250
Dorikham15,2015,Green-Beckham,Dorial,,250,250,250,250,250,250,250,250,250,250,250,250,250,250,250,250,250,250
Devimith15,2015,Smith,Devin,,250,250,250,250,250,250,250,250,250,250,250,250,250,250,250,250,250,250
Laviault20,2020,Shenault,Laviska,Jr.,250,250,250,250,250,250,250,250,250,250,250,250,,,,,,
KJmler20,2020,Hamler,KJ,,250,250,250,250,250,250,250,250,250,250,250,250,,,,,,
DenzMims20,2020,Mims,Denzel,,250,250,250,250,250,250,250,250,250,250,250,250,,,,,,
Parrbell19,2019,Campbell,Parris,,250,250,250,250,250,250,250,250,250,250,250,250,250,250,250,,,
Mecodman19,2019,Hardman,Mecole,,250,250,250,250,250,250,250,250,250,250,250,250,250,250,250,,,
Andyella19,2019,Isabella,Andy,,250,250,250,250,250,250,250,250,250,250,250,250,250,250,250,,,
JJside19,2019,Arcega-Whiteside,JJ,,250,250,250,250,250,250,250,250,250,250,250,250,250,250,250,,,
Jamegton18,2018,Washington,James,,250,250,250,250,250,250,250,250,250,250,250,250,250,250,250,250,250,250
Anthller18,2018,Miller,Anthony,,250,250,250,250,250,250,250,250,250,250,250,250,250,250,250,250,250,250
Dantttis18,2018,Pettis,Dante,,250,250,250,250,250,250,250,250,250,250,250,250,250,250,250,250,250,250
Codyimer14,2014,Latimer,Cody,,250,250,250,250,250,250,250,250,250,250,250,250,250,250,250,250,250,250
Dontrief14,2014,Moncrief,Donte,,250,250,250,250,250,250,250,250,250,250,250,250,250,250,250,250,250,250
Chrinley15,2015,Conley,Chris,,250,250,250,250,250,250,250,250,250,250,250,250,250,250,250,250,250,250
Sammates15,2015,Coates,Sammie,,250,250,250,250,250,250,250,250,250,250,250,250,250,250,250,250,250,250
Jaelrong15,2015,Strong,Jaelen,,250,250,250,250,250,250,250,250,250,250,250,250,250,250,250,250,250,250
Carlrson17,2017,Henderson,Carlos,,250,250,250,250,250,250,250,250,250,250,250,250,250,250,250,250,250,250
Bryaards20,2020,Edwards,Bryan,,250,250,250,250,250,250,250,250,250,250,250,250,,,,,,
Devirnay20,2020,Duvernay,Devin,,250,250,250,250,250,250,250,250,250,250,250,250,,,,,,
Lynnwden20,2020,Bowden,Lynn,Jr.,250,250,250,250,250,250,250,250,250,250,250,250,,,,,,
Mileykin19,2019,Boykin,Miles,,250,250,250,250,250,250,250,250,250,250,250,250,250,250,250,,,
Treqmith18,2018,Smith,Tre'Quan,,250,250,250,250,250,250,250,250,250,250,250,250,250,250,250,250,250,250
JaleHurd19,2019,Hurd,Jalen,,250,250,250,250,250,250,250,250,250,250,250,250,250,250,250,,,
Taywylor17,2017,Taylor,Taywan,,250,250,250,250,250,250,250,250,250,250,250,250,250,250,250,250,250,250
Chadiams17,2017,Williams,Chad,,250,250,250,250,250,250,250,250,250,250,250,250,250,250,250,250,250,250
ArDawart17,2017,Stewart,ArDarius,,250,250,250,250,250,250,250,250,250,250,250,250,250,250,250,250,250,250
Amarrboh17,2017,Darboh,Amara,,250,250,250,250,250,250,250,250,250,250,250,250,250,250,250,250,250,250
Braxller16,2016,Miller,Braxton,,250,250,250,250,250,250,250,250,250,250,250,250,250,250,250,250,250,250
Leonrroo16,2016,Carroo,Leonte,,250,250,250,250,250,250,250,250,250,250,250,250,250,250,250,250,250,250
JoshHuff14,2014,Huff,Josh,,250,250,250,250,250,250,250,250,250,250,250,250,250,250,250,250,250,250
Justardy15,2015,Hardy,Justin,,250,250,250,250,250,250,250,250,250,250,250,250,250,250,250,250,250,250
Antolden20,2020,Gandy-Golden,Antonio,,250,250,250,250,250,250,250,250,250,250,250,250,,,,,,
Riledley19,2019,Ridley,Riley,,250,250,250,250,250,250,250,250,250,250,250,250,250,250,250,,,
Haketler19,2019,Butler,Hakeem,,250,250,250,250,250,250,250,250,250,250,250,250,250,250,250,,,
Antoaway18,2018,Callaway,Antonio,,250,250,250,250,250,250,250,250,250,250,250,250,250,250,250,250,250,250
Kekeutee18,2018,Coutee,Keke,,250,250,250,250,250,250,250,250,250,250,250,250,250,250,250,250,250,250
DaeSlton18,2018,Hamilton,DaeSean,,250,250,250,250,250,250,250,250,250,250,250,250,250,250,250,250,250,250
JMonoore18,2018,Moore,J'Mon,,250,250,250,250,250,250,250,250,250,250,250,250,250,250,250,250,250,250
Jalecott18,2018,Scott,Jaleel,,250,250,250,250,250,250,250,250,250,250,250,250,250,250,250,250,250,250
Garyings19,2019,Jennings,Gary,,250,250,250,250,250,250,250,250,250,250,250,250,250,250,250,,,
Josholds17,2017,Reynolds,Josh,,250,250,250,250,250,250,250,250,250,250,250,250,250,250,250,250,250,250
Macklins17,2017,Hollins,Mack,,250,250,250,250,250,250,250,250,250,250,250,250,250,250,250,250,250,250
Ryantzer17,2017,Switzer,Ryan,,250,250,250,250,250,250,250,250,250,250,250,250,250,250,250,250,250,250
Chadnsen17,2017,Hansen,Chad,,250,250,250,250,250,250,250,250,250,250,250,250,250,250,250,250,250,250
Joshlone17,2017,Malone,Josh,,250,250,250,250,250,250,250,250,250,250,250,250,250,250,250,250,250,250
Jehusson17,2017,Chesson,Jehu,,250,250,250,250,250,250,250,250,250,250,250,250,250,250,250,250,250,250
Demanson16,2016,Robinson,Demarcus,,250,250,250,250,250,250,250,250,250,250,250,250,250,250,250,250,250,250
Chrioore16,2016,Moore,Chris,,250,250,250,250,250,250,250,250,250,250,250,250,250,250,250,250,250,250
Ricaouis16,2016,Louis,Ricardo,,250,250,250,250,250,250,250,250,250,250,250,250,250,250,250,250,250,250
Pharoper16,2016,Cooper,Pharoh,,250,250,250,250,250,250,250,250,250,250,250,250,250,250,250,250,250,250
Malchell16,2016,Mitchell,Malcolm,,250,250,250,250,250,250,250,250,250,250,250,250,250,250,250,250,250,250
Vincayle15,2015,Mayle,Vince,,250,250,250,250,250,250,250,250,250,250,250,250,250,250,250,250,250,250
DeAnlter15,2015,Smelter,DeAndre,,250,250,250,250,250,250,250,250,250,250,250,250,250,250,250,250,250,250
Brucgton14,2014,Ellington,Bruce,,250,250,250,250,250,250,250,250,250,250,250,250,250,250,250,250,250,250
Keviwood14,2014,Norwood,Kevin,,250,250,250,250,250,250,250,250,250,250,250,250,250,250,250,250,250,250
Jaleders14,2014,Saunders,Jalen,,250,250,250,250,250,250,250,250,250,250,250,250,250,250,250,250,250,250
Shaqvans14,2014,Evans,Shaq,,250,250,250,250,250,250,250,250,250,250,250,250,250,250,250,250,250,250
Ryanrant14,2014,Grant,Ryan,,250,250,250,250,250,250,250,250,250,250,250,250,250,250,250,250,250,250
JJlson15,2015,Nelson,JJ,,250,250,250,250,250,250,250,250,250,250,250,250,250,250,250,250,250,250
Rasheene15,2015,Greene,Rashad,,250,250,250,250,250,250,250,250,250,250,250,250,250,250,250,250,250,250
DeAnncey17,2017,Yancey,DeAngelo,,250,250,250,250,250,250,250,250,250,250,250,250,250,250,250,250,250,250
KJborn20,2020,Osborn,K.J.,,250,250,250,250,250,250,250,250,250,250,250,250,,,,,,
Quinphus20,2020,Cephus,Quintez,,250,250,250,250,250,250,250,250,250,250,250,250,,,,,,
Collnson20,2020,Johnson,Collin,,250,250,250,250,250,250,250,250,250,250,250,250,,,,,,
Tylenson20,2020,Johnson,Tyler,,250,250,250,250,250,250,250,250,250,250,250,250,,,,,,
Johnower20,2020,Hightower,John,,250,250,250,250,250,250,250,250,250,250,250,250,,,,,,
JoeReed20,2020,Reed,Joe,,250,250,250,250,250,250,250,250,250,250,250,250,,,,,,
Isailter20,2020,Coulter,Isaiah,,250,250,250,250,250,250,250,250,250,250,250,250,,,,,,
Jordsley18,2018,Lasley,Jordan,,250,250,250,250,250,250,250,250,250,250,250,250,250,250,250,250,250,250
Marqling18,2018,Valdes-Scantling,Marquez,,250,250,250,250,250,250,250,250,250,250,250,250,250,250,250,250,250,250
Justtson18,2018,Watson,Justin,,250,250,250,250,250,250,250,250,250,250,250,250,250,250,250,250,250,250
Daurtain18,2018,Fountain,Daurice,,250,250,250,250,250,250,250,250,250,250,250,250,250,250,250,250,250,250
Trenylor17,2017,Taylor,Trent,,250,250,250,250,250,250,250,250,250,250,250,250,250,250,250,250,250,250
Isainzie17,2017,McKenzie,Isaiah,,250,250,250,250,250,250,250,250,250,250,250,250,250,250,250,250,250,250
Shelbson17,2017,Gibson,Shelton,,250,250,250,250,250,250,250,250,250,250,250,250,250,250,250,250,250,250
Rodndams17,2017,Adams,Rodney,,250,250,250,250,250,250,250,250,250,250,250,250,250,250,250,250,250,250
Rashgins16,2016,Higgins,Rashard,,250,250,250,250,250,250,250,250,250,250,250,250,250,250,250,250,250,250
Tajaarpe16,2016,Sharpe,Tajae,,250,250,250,250,250,250,250,250,250,250,250,250,250,250,250,250,250,250
Trevavis16,2016,Davis,Trevor,,250,250,250,250,250,250,250,250,250,250,250,250,250,250,250,250,250,250
Jordyton16,2016,Payton,Jordan,,250,250,250,250,250,250,250,250,250,250,250,250,250,250,250,250,250,250
Keithery15,2015,Mumphery,Keith,,250,250,250,250,250,250,250,250,250,250,250,250,250,250,250,250,250,250
Tonypett15,2015,Lippett,Tony,,250,250,250,250,250,250,250,250,250,250,250,250,250,250,250,250,250,250
KennBell15,2015,Bell,Kenny,,250,250,250,250,250,250,250,250,250,250,250,250,250,250,250,250,250,250
Devireet14,2014,Street,Devin,,250,250,250,250,250,250,250,250,250,250,250,250,250,250,250,250,250,250
Jareeris14,2014,Abbrederis,Jared,,250,250,250,250,250,250,250,250,250,250,250,250,250,250,250,250,250,250
Quinunwa14,2014,Enunwa,Quincy,,250,250,250,250,250,250,250,250,250,250,250,250,250,250,250,250,250,250
Moringer16,2016,Boehringer,Moritz,,250,250,250,250,250,250,250,250,250,250,250,250,250,250,250,250,250,250
Kolbnbee16,2016,Listenbee,Kolby,,250,250,250,250,250,250,250,250,250,250,250,250,250,250,250,250,250,250
Donoones20,2020,Peoples-Jones,Donovan,,250,250,250,250,250,250,250,250,250,250,250,250,,,,,,
Quezkins20,2020,Watkins,Quez,,250,250,250,250,250,250,250,250,250,250,250,250,,,,,,
Isaigins20,2020,Hodgins,Isaiah,,250,250,250,250,250,250,250,250,250,250,250,250,,,,,,
Fredwain20,2020,Swain,Freddie,,250,250,250,250,250,250,250,250,250,250,250,250,,,,,,
Jameoche20,2020,Proche,James,,250,250,250,250,250,250,250,250,250,250,250,250,,,,,,
Dezmtmon20,2020,Patmon,Dezmon,,250,250,250,250,250,250,250,250,250,250,250,250,,,,,,
Dylarell18,2018,Cantrell,Dylan,,250,250,250,250,250,250,250,250,250,250,250,250,250,250,250,250,250,250
Travgham19,2019,Fulgham,Travis,,250,250,250,250,250,250,250,250,250,250,250,250,250,250,250,,,
Scotller19,2019,Miller,Scott,,250,250,250,250,250,250,250,250,250,250,250,250,250,250,250,,,
Kelvrmon19,2019,Harmon,Kelvin,,250,250,250,250,250,250,250,250,250,250,250,250,250,250,250,,,
KeeSnson19,2019,Johnson,KeeSean,,250,250,250,250,250,250,250,250,250,250,250,250,250,250,250,,,
Juwafree19,2019,Winfree,Juwann,,250,250,250,250,250,250,250,250,250,250,250,250,250,250,250,,,
RussGage18,2018,Gage,Russell,,250,250,250,250,250,250,250,250,250,250,250,250,250,250,250,250,250,250
Cedrlson18,2018,Wilson,Cedrick,Jr.,250,250,250,250,250,250,250,250,250,250,250,250,250,250,250,250,250,250
Braxrios18,2018,Berrios,Braxton,,250,250,250,250,250,250,250,250,250,250,250,250,250,250,250,250,250,250
Equarown18,2018,St. Brown,Equanimeous,,250,250,250,250,250,250,250,250,250,250,250,250,250,250,250,250,250,250
Ray-loud18,2018,McCloud,Ray-Ray,,250,250,250,250,250,250,250,250,250,250,250,250,250,250,250,250,250,250
Damitley18,2018,Ratley,Damion,,250,250,250,250,250,250,250,250,250,250,250,250,250,250,250,250,250,250
DeonCain18,2018,Cain,Deon,,250,250,250,250,250,250,250,250,250,250,250,250,250,250,250,250,250,250
Marcreen19,2019,Green,Marcus,,250,250,250,250,250,250,250,250,250,250,250,250,250,250,250,,,
Robeavis17,2017,Davis,Robert,,250,250,250,250,250,250,250,250,250,250,250,250,250,250,250,250,250,250
Jakerant16,2016,Grant,Jakeem,,250,250,250,250,250,250,250,250,250,250,250,250,250,250,250,250,250,250
CodyCore16,2016,Core,Cody,,250,250,250,250,250,250,250,250,250,250,250,250,250,250,250,250,250,250
Mikeomas16,2016,Thomas,Mike,,250,250,250,250,250,250,250,250,250,250,250,250,250,250,250,250,250,250
Aaroidge16,2016,Burbridge,Aaron,,250,250,250,250,250,250,250,250,250,250,250,250,250,250,250,250,250,250
KaelClay15,2015,Clay,Kaelin,,250,250,250,250,250,250,250,250,250,250,250,250,250,250,250,250,250,250
Gereavis15,2015,Davis,Geremy,,250,250,250,250,250,250,250,250,250,250,250,250,250,250,250,250,250,250
Evanncer15,2015,Spencer,Evan,,250,250,250,250,250,250,250,250,250,250,250,250,250,250,250,250,250,250
Budsser15,2015,Sasser,Bud,,250,250,250,250,250,250,250,250,250,250,250,250,250,250,250,250,250,250
TJones14,2014,Jones,T.J.,,250,250,250,250,250,250,250,250,250,250,250,250,250,250,250,250,250,250
Roberron14,2014,Herron,Robert,,250,250,250,250,250,250,250,250,250,250,250,250,250,250,250,250,250,250
Waltwell14,2014,Powell,Walt,,250,250,250,250,250,250,250,250,250,250,250,250,250,250,250,250,250,250
Mattazel14,2014,Hazel,Matt,,250,250,250,250,250,250,250,250,250,250,250,250,250,250,250,250,250,250
Treride15,2015,McBride,Tre,,250,250,250,250,250,250,250,250,250,250,250,250,250,250,250,250,250,250
Devicien16,2016,Lucien,Devin,,250,250,250,250,250,250,250,250,250,250,250,250,250,250,250,250,250,250
Deviller16,2016,Fuller,Devin,,250,250,250,250,250,250,250,250,250,250,250,250,250,250,250,250,250,250
Kennwler16,2016,Lawler,Kenny,,250,250,250,250,250,250,250,250,250,250,250,250,250,250,250,250,250,250
Malaupre17,2017,Dupre,Malachi,,250,250,250,250,250,250,250,250,250,250,250,250,250,250,250,250,250,250
Jauaings20,2020,Jennings,Jauan,,250,250,250,250,250,250,250,250,250,250,250,250,,,,,,
Malcerry20,2020,Perry,Malcolm,,250,250,250,250,250,250,250,250,250,250,250,250,,,,,,
Tyriland20,2020,Cleveland,Tyrie,,250,250,250,250,250,250,250,250,250,250,250,250,,,,,,
Austoehl18,2018,Proehl,Austin,,250,250,250,250,250,250,250,250,250,250,250,250,250,250,250,250,250,250
Terrdwin19,2019,Godwin,Terry,,250,250,250,250,250,250,250,250,250,250,250,250,250,250,250,,,
Johnrsua19,2019,Ursua,John,,250,250,250,250,250,250,250,250,250,250,250,250,250,250,250,,,
Richames18,2018,James,Richie,,250,250,250,250,250,250,250,250,250,250,250,250,250,250,250,250,250,250
AudeTate18,2018,Tate,Auden,,250,250,250,250,250,250,250,250,250,250,250,250,250,250,250,250,250,250
Treyuinn18,2018,Quinn,Trey,,250,250,250,250,250,250,250,250,250,250,250,250,250,250,250,250,250,250
JavoWims18,2018,Wims,Javon,,250,250,250,250,250,250,250,250,250,250,250,250,250,250,250,250,250,250
Marceman18,2018,Ateman,Marcell,,250,250,250,250,250,250,250,250,250,250,250,250,250,250,250,250,250,250
Dillhell19,2019,Mitchell,Dillon,,250,250,250,250,250,250,250,250,250,250,250,250,250,250,250,,,
Bisinson19,2019,Johnson,Bisi,,250,250,250,250,250,250,250,250,250,250,250,250,250,250,250,,,
KJHill20,2020,Hill,K.J.,,250,250,250,250,250,250,250,250,250,250,250,250,,,,,,
Davioore17,2017,Moore,David,,250,250,250,250,250,250,250,250,250,250,250,250,250,250,250,250,250,250
IsaiFord17,2017,Ford,Isaiah,,250,250,250,250,250,250,250,250,250,250,250,250,250,250,250,250,250,250
Noahrown17,2017,Brown,Noah,,250,250,250,250,250,250,250,250,250,250,250,250,250,250,250,250,250,250
Stacoley17,2017,Coley,Stacy,,250,250,250,250,250,250,250,250,250,250,250,250,250,250,250,250,250,250
Chareake16,2016,Peake,Charone,,250,250,250,250,250,250,250,250,250,250,250,250,250,250,250,250,250,250
DeMayers16,2016,Ayers,DeMarcus,,250,250,250,250,250,250,250,250,250,250,250,250,250,250,250,250,250,250
Danirman16,2016,Braverman,Daniel,,250,250,250,250,250,250,250,250,250,250,250,250,250,250,250,250,250,250
Nealling15,2015,Sterling,Neal,,250,250,250,250,250,250,250,250,250,250,250,250,250,250,250,250,250,250
Mariford15,2015,Alford,Mario,,250,250,250,250,250,250,250,250,250,250,250,250,250,250,250,250,250,250
Dezmewis15,2015,Lewis,Dezmin,,250,250,250,250,250,250,250,250,250,250,250,250,250,250,250,250,250,250
Andrbose15,2015,Debose,Andre,,250,250,250,250,250,250,250,250,250,250,250,250,250,250,250,250,250,250
DaRorown15,2015,Brown,Da'Ron,,250,250,250,250,250,250,250,250,250,250,250,250,250,250,250,250,250,250
Michnaro14,2014,Campanaro,Michael,,250,250,250,250,250,250,250,250,250,250,250,250,250,250,250,250,250,250
Jeffanis14,2014,Janis,Jeff,,250,250,250,250,250,250,250,250,250,250,250,250,250,250,250,250,250,250
Jameight14,2014,Wright,James,,250,250,250,250,250,250,250,250,250,250,250,250,250,250,250,250,250,250
Tevieese14,2014,Reese,Tevin,,250,250,250,250,250,250,250,250,250,250,250,250,250,250,250,250,250,250
Jerellon14,2014,Gallon,Jeremy,,250,250,250,250,250,250,250,250,250,250,250,250,250,250,250,250,250,250
Mikeavis14,2014,Davis,Mike,,250,250,250,250,250,250,250,250,250,250,250,250,250,250,250,250,250,250
Taylriel14,2014,Gabriel,Taylor,,250,250,250,250,250,250,250,250,250,250,250,250,250,250,250,250,250,250
Albelson14,2014,Wilson,Albert,,250,250,250,250,250,250,250,250,250,250,250,250,250,250,250,250,250,250
Corerown14,2014,Brown,Corey,,250,250,250,250,250,250,250,250,250,250,250,250,250,250,250,250,250,250
Bennwler14,2014,Fowler,Bennie,,250,250,250,250,250,250,250,250,250,250,250,250,250,250,250,250,250,250
Camedith15,2015,Meredith,Cameron,,250,250,250,250,250,250,250,250,250,250,250,250,250,250,250,250,250,250
Eligers15,2015,Rogers,Eli,,250,250,250,250,250,250,250,250,250,250,250,250,250,250,250,250,250,250
DamiByrd15,2015,Byrd,Damiere,,250,250,250,250,250,250,250,250,250,250,250,250,250,250,250,250,250,250
Jordylor15,2015,Taylor,Jordan,,250,250,250,250,250,250,250,250,250,250,250,250,250,250,250,250,250,250
Jakeerow15,2015,Kumerow,Jake,,250,250,250,250,250,250,250,250,250,250,250,250,250,250,250,250,250,250
Devouste16,2016,Cajuste,Devon,,250,250,250,250,250,250,250,250,250,250,250,250,250,250,250,250,250,250
JayLee16,2016,Lee,Jay,,250,250,250,250,250,250,250,250,250,250,250,250,250,250,250,250,250,250
Nelsruce16,2016,Spruce,Nelson,,250,250,250,250,250,250,250,250,250,250,250,250,250,250,250,250,250,250
KJMaye16,2016,Maye,K.J.,,250,250,250,250,250,250,250,250,250,250,250,250,250,250,250,250,250,250
Chrirown16,2016,Brown,Chris,,250,250,250,250,250,250,250,250,250,250,250,250,250,250,250,250,250,250
Keyarett16,2016,Garrett,Keyarris,,250,250,250,250,250,250,250,250,250,250,250,250,250,250,250,250,250,250
Byrohall16,2016,Marshall,Byron,,250,250,250,250,250,250,250,250,250,250,250,250,250,250,250,250,250,250
Alonsell16,2016,Russell,Alonzo,,250,250,250,250,250,250,250,250,250,250,250,250,250,250,250,250,250,250
MekacKay16,2016,McKay,Mekale,,250,250,250,250,250,250,250,250,250,250,250,250,250,250,250,250,250,250
Caylones16,2016,Jones,Cayleb,,250,250,250,250,250,250,250,250,250,250,250,250,250,250,250,250,250,250
Rashcott16,2016,Scott,Rashawn,,250,250,250,250,250,250,250,250,250,250,250,250,250,250,250,250,250,250
Jareield16,2016,Dangerfield,Jared,,250,250,250,250,250,250,250,250,250,250,250,250,250,250,250,250,250,250
Marqorth16,2016,North,Marquez,,250,250,250,250,250,250,250,250,250,250,250,250,250,250,250,250,250,250
Travural17,2017,Dural,Travin,,250,250,250,250,250,250,250,250,250,250,250,250,250,250,250,250,250,250
Artacott17,2017,Scott,Artavis,,250,250,250,250,250,250,250,250,250,250,250,250,250,250,250,250,250,250
Damollow17,2017,Stringfellow,Damore'ea,,250,250,250,250,250,250,250,250,250,250,250,250,250,250,250,250,250,250
AmbaTawo17,2017,Etta-Tawo,Amba,,250,250,250,250,250,250,250,250,250,250,250,250,250,250,250,250,250,250
Darrgers17,2017,Rogers,Darreus,,250,250,250,250,250,250,250,250,250,250,250,250,250,250,250,250,250,250
Jamaples17,2017,Staples,Jamari,,250,250,250,250,250,250,250,250,250,250,250,250,250,250,250,250,250,250
Ishmmora17,2017,Zamora,Ishmael,,250,250,250,250,250,250,250,250,250,250,250,250,250,250,250,250,250,250
Treyffey17,2017,Griffey,Trey,,250,250,250,250,250,250,250,250,250,250,250,250,250,250,250,250,250,250
Marqaway20,2020,Callaway,Marquez,,250,250,250,250,250,250,250,250,250,250,250,250,,,,,,
Nickhine20,2020,Westbrook-Ikhine,Nick,,250,250,250,250,250,250,250,250,250,250,250,250,,,,,,
Kendnton20,2020,Hinton,Kendall,,250,250,250,250,250,250,250,250,250,250,250,250,,,,,,
Juwanson20,2020,Johnson,Juwan,,250,250,250,250,250,250,250,250,250,250,250,250,,,,,,
AustMack20,2020,Mack,Austin,,250,250,250,250,250,250,250,250,250,250,250,250,,,,,,
JaMadley20,2020,Bradley,Ja'Marcus,,250,250,250,250,250,250,250,250,250,250,250,250,,,,,,
Codyhite20,2020,White,Cody,,250,250,250,250,250,250,250,250,250,250,250,250,,,,,,
Lawrager20,2020,Cager,Lawrence,,250,250,250,250,250,250,250,250,250,250,250,250,,,,,,
Gabearks17,2017,Marks,Gabe,,250,250,250,250,250,250,250,250,250,250,250,250,250,250,250,250,250,250
Drewrgan17,2017,Morgan,Drew,,250,250,250,250,250,250,250,250,250,250,250,250,250,250,250,250,250,250
Noelomas17,2017,Thomas,Noel,,250,250,250,250,250,250,250,250,250,250,250,250,250,250,250,250,250,250
Jameuick17,2017,Quick,James,,250,250,250,250,250,250,250,250,250,250,250,250,250,250,250,250,250,250
Billrown17,2017,Brown,Billy,,250,250,250,250,250,250,250,250,250,250,250,250,250,250,250,250,250,250
Karelton17,2017,Hamilton,Karel,,250,250,250,250,250,250,250,250,250,250,250,250,250,250,250,250,250,250
Bugward17,2017,Howard,Bug,,250,250,250,250,250,250,250,250,250,250,250,250,250,250,250,250,250,250
JeroLane17,2017,Lane,Jerome,,250,250,250,250,250,250,250,250,250,250,250,250,250,250,250,250,250,250
Keevucas17,2017,Lucas,Keevan,,250,250,250,250,250,250,250,250,250,250,250,250,250,250,250,250,250,250
SpeeNoil17,2017,Noil,Speedy,,250,250,250,250,250,250,250,250,250,250,250,250,250,250,250,250,250,250
Michctor17,2017,Rector,Michael,,250,250,250,250,250,250,250,250,250,250,250,250,250,250,250,250,250,250
FredRoss17,2017,Ross,Fred,,250,250,250,250,250,250,250,250,250,250,250,250,250,250,250,250,250,250
Tonyvens17,2017,Stevens,Tony,,250,250,250,250,250,250,250,250,250,250,250,250,250,250,250,250,250,250
Jordkamp17,2017,Westerkamp,Jordan,,250,250,250,250,250,250,250,250,250,250,250,250,250,250,250,250,250,250
Kermield17,2017,Whitfield,Kermit,,250,250,250,250,250,250,250,250,250,250,250,250,250,250,250,250,250,250
Simmobbs18,2018,Cobbs,Simmie,,250,250,250,250,250,250,250,250,250,250,250,250,250,250,250,250,250,250
Quadrson18,2018,Henderson,Quadree,,250,250,250,250,250,250,250,250,250,250,250,250,250,250,250,250,250,250
Stevmael18,2018,Ishmael,Steve,,250,250,250,250,250,250,250,250,250,250,250,250,250,250,250,250,250,250
JestWeah18,2018,Weah,Jester,,250,250,250,250,250,250,250,250,250,250,250,250,250,250,250,250,250,250
Garyight18,2018,McKnight,Gary,,250,250,250,250,250,250,250,250,250,250,250,250,250,250,250,250,250,250
KaRahite18,2018,White,Ka'Raun,,250,250,250,250,250,250,250,250,250,250,250,250,250,250,250,250,250,250
Davoyson18,2018,Grayson,Davon,,250,250,250,250,250,250,250,250,250,250,250,250,250,250,250,250,250,250
Jakeneke18,2018,Wieneke,Jake,,250,250,250,250,250,250,250,250,250,250,250,250,250,250,250,250,250,250
Jaelklin18,2018,Acklin,Jaelon,,250,250,250,250,250,250,250,250,250,250,250,250,250,250,250,250,250,250
Darrrews18,2018,Andrews,Darren,,250,250,250,250,250,250,250,250,250,250,250,250,250,250,250,250,250,250
Olameaus19,2019,Zaccheaus,Olamide,,250,250,250,250,250,250,250,250,250,250,250,250,250,250,250,,,
Deonarty19,2019,Harty,Deonte,,250,250,250,250,250,250,250,250,250,250,250,250,250,250,250,,,
Jaleyton19,2019,Guyton,Jalen,,250,250,250,250,250,250,250,250,250,250,250,250,250,250,250,,,
StevSims19,2019,Sims,Steven,,250,250,250,250,250,250,250,250,250,250,250,250,250,250,250,,,
Gregrtch19,2019,Dortch,Greg,,250,250,250,250,250,250,250,250,250,250,250,250,250,250,250,,,
Presiams19,2019,Williams,Preston,,250,250,250,250,250,250,250,250,250,250,250,250,250,250,250,,,
Tyronson19,2019,Johnson,Tyron,,250,250,250,250,250,250,250,250,250,250,250,250,250,250,250,,,
Trenrwin19,2019,Irwin,Trenton,,250,250,250,250,250,250,250,250,250,250,250,250,250,250,250,,,
Antosley19,2019,Wesley,Antoine,,250,250,250,250,250,250,250,250,250,250,250,250,250,250,250,,,
Liljhrey19,2019,Humphrey,Lil'Jordan,,250,250,250,250,250,250,250,250,250,250,250,250,250,250,250,,,
Ashtulin19,2019,Dulin,Ashton,,250,250,250,250,250,250,250,250,250,250,250,250,250,250,250,,,
Jeffmith19,2019,Smith,Jeff,,250,250,250,250,250,250,250,250,250,250,250,250,250,250,250,,,
Daviills19,2019,Sills,David,,250,250,250,250,250,250,250,250,250,250,250,250,250,250,250,,,
KeelDoss19,2019,Doss,Keelan,,250,250,250,250,250,250,250,250,250,250,250,250,250,250,250,,,
PennHart19,2019,Hart,Penny,,250,250,250,250,250,250,250,250,250,250,250,250,250,250,250,,,
Gunnwski19,2019,Olszewski,Gunner,,250,250,250,250,250,250,250,250,250,250,250,250,250,250,250,,,
Jasooore19,2019,Moore,Jason,,250,250,250,250,250,250,250,250,250,250,250,250,250,250,250,,,
DJmery19,2019,Montgomery,D.J.,,250,250,250,250,250,250,250,250,250,250,250,250,250,250,250,,,
KaVorpin19,2019,Turpin,KaVontae,,250,250,250,250,250,250,250,250,250,250,250,250,250,250,250,,,
Saeenall18,2018,Blacknall,Saeed,,250,250,250,250,250,250,250,250,250,250,250,250,250,250,250,250,250,250
BrycBobo18,2018,Bobo,Bryce,,250,250,250,250,250,250,250,250,250,250,250,250,250,250,250,250,250,250
DevoBoyd18,2018,Boyd,Devonte,,250,250,250,250,250,250,250,250,250,250,250,250,250,250,250,250,250,250
Stevnbar18,2018,Dunbar,Steven,,250,250,250,250,250,250,250,250,250,250,250,250,250,250,250,250,250,250
Andrrone18,2018,Levrone,Andre,,250,250,250,250,250,250,250,250,250,250,250,250,250,250,250,250,250,250
TJrtin18,2018,Martin,T.J.,,250,250,250,250,250,250,250,250,250,250,250,250,250,250,250,250,250,250
Koretson18,2018,Robertson,Korey,,250,250,250,250,250,250,250,250,250,250,250,250,250,250,250,250,250,250
Tajiams18,2018,Williams,Taj,,250,250,250,250,250,250,250,250,250,250,250,250,250,250,250,250,250,250
Elijarks18,2018,Marks,Elijah,,250,250,250,250,250,250,250,250,250,250,250,250,250,250,250,250,250,250
Marvracy18,2018,Bracy,Marvin,,250,250,250,250,250,250,250,250,250,250,250,250,250,250,250,250,250,250
Markpman18,2018,Chapman,Mark,,250,250,250,250,250,250,250,250,250,250,250,250,250,250,250,250,250,250
Joshkett18,2018,Crockett,Josh,,250,250,250,250,250,250,250,250,250,250,250,250,250,250,250,250,250,250
Janarant18,2018,Grant,Janarion,,250,250,250,250,250,250,250,250,250,250,250,250,250,250,250,250,250,250
Blakkson18,2018,Jackson,Blake,,250,250,250,250,250,250,250,250,250,250,250,250,250,250,250,250,250,250
Adonings18,2018,Jennings,Adonis,,250,250,250,250,250,250,250,250,250,250,250,250,250,250,250,250,250,250
Malaones18,2018,Jones,Malachi,,250,250,250,250,250,250,250,250,250,250,250,250,250,250,250,250,250,250
Aaroombe18,2018,Lacombe,Aaron,,250,250,250,250,250,250,250,250,250,250,250,250,250,250,250,250,250,250
Kyleewis18,2018,Lewis,Kyle,,250,250,250,250,250,250,250,250,250,250,250,250,250,250,250,250,250,250
Anthngou18,2018,Mahoungou,Anthony,,250,250,250,250,250,250,250,250,250,250,250,250,250,250,250,250,250,250
Markchel18,2018,Michel,Marken,,250,250,250,250,250,250,250,250,250,250,250,250,250,250,250,250,250,250
Dorrller18,2018,Miller,Dorren,,250,250,250,250,250,250,250,250,250,250,250,250,250,250,250,250,250,250
Bryahell18,2018,Mitchell,Bryant,,250,250,250,250,250,250,250,250,250,250,250,250,250,250,250,250,250,250
Jarerphy18,2018,Murphy,Jared,,250,250,250,250,250,250,250,250,250,250,250,250,250,250,250,250,250,250
Damorson18,2018,Patterson,Damoun,,250,250,250,250,250,250,250,250,250,250,250,250,250,250,250,250,250,250
Marcrson18,2018,Peterson,Marcus,,250,250,250,250,250,250,250,250,250,250,250,250,250,250,250,250,250,250
Dariince18,2018,Prince,Darius,,250,250,250,250,250,250,250,250,250,250,250,250,250,250,250,250,250,250
Calecott18,2018,Scott,Caleb,,250,250,250,250,250,250,250,250,250,250,250,250,250,250,250,250,250,250
Joshmith18,2018,Smith,Josh,,250,250,250,250,250,250,250,250,250,250,250,250,250,250,250,250,250,250
Dionncer18,2018,Spencer,Diontae,,250,250,250,250,250,250,250,250,250,250,250,250,250,250,250,250,250,250
Allegers18,2018,Staggers,Allenzae,,250,250,250,250,250,250,250,250,250,250,250,250,250,250,250,250,250,250
Franhens18,2018,Stephens,Frank,,250,250,250,250,250,250,250,250,250,250,250,250,250,250,250,250,250,250
Byrongle18,2018,Pringle,Byron,,250,250,250,250,250,250,250,250,250,250,250,250,250,250,250,250,250,250
Robester18,2018,Foster,Robert,,250,250,250,250,250,250,250,250,250,250,250,250,250,250,250,250,250,250
Trenield18,2018,Sherfield,Trent,,250,250,250,250,250,250,250,250,250,250,250,250,250,250,250,250,250,250
CamSims18,2018,Sims,Cam,,250,250,250,250,250,250,250,250,250,250,250,250,250,250,250,250,250,250
Vyncmith18,2018,Smith,Vyncint,,250,250,250,250,250,250,250,250,250,250,250,250,250,250,250,250,250,250
Malirner18,2018,Turner,Malik,,250,250,250,250,250,250,250,250,250,250,250,250,250,250,250,250,250,250
Chadeebe18,2018,Beebe,Chad,,250,250,250,250,250,250,250,250,250,250,250,250,250,250,250,250,250,250
Keitwood18,2018,Kirkwood,Keith,,250,250,250,250,250,250,250,250,250,250,250,250,250,250,250,250,250,250
KhaDodge18,2018,Hodge,KhaDarel,,250,250,250,250,250,250,250,250,250,250,250,250,250,250,250,250,250,250
Branwell18,2018,Powell,Brandon,,250,250,250,250,250,250,250,250,250,250,250,250,250,250,250,250,250,250
Deonnett18,2018,Burnett,Deontay,,250,250,250,250,250,250,250,250,250,250,250,250,250,250,250,250,250,250
ChriLacy18,2018,Lacy,Chris,,250,250,250,250,250,250,250,250,250,250,250,250,250,250,250,250,250,250
Jawiavis18,2018,Davis,Jawill,,250,250,250,250,250,250,250,250,250,250,250,250,250,250,250,250,250,250
Stevhell18,2018,Mitchell,Steven,,250,250,250,250,250,250,250,250,250,250,250,250,250,250,250,250,250,250
Jaleiver18,2018,Tolliver,Jalen,,250,250,250,250,250,250,250,250,250,250,250,250,250,250,250,250,250,250
Darvidsy18,2018,Kidsy,Darvin,,250,250,250,250,250,250,250,250,250,250,250,250,250,250,250,250,250,250
Camlips18,2018,Phillips,Cam,,250,250,250,250,250,250,250,250,250,250,250,250,250,250,250,250,250,250
Jeffadet18,2018,Badet,Jeff,,250,250,250,250,250,250,250,250,250,250,250,250,250,250,250,250,250,250
Kendpson18,2018,Thompson,Kendal,,250,250,250,250,250,250,250,250,250,250,250,250,250,250,250,250,250,250
Jonaaman18,2018,Trinnaman,Jonah,,250,250,250,250,250,250,250,250,250,250,250,250,250,250,250,250,250,250
Jordbert18,2018,Williams-Lambert,Jordan,,250,250,250,250,250,250,250,250,250,250,250,250,250,250,250,250,250,250
Timlson18,2018,Wilson,Tim,,250,250,250,250,250,250,250,250,250,250,250,250,250,250,250,250,250,250
AustWolf18,2018,Wolf,Austin,,250,250,250,250,250,250,250,250,250,250,250,250,250,250,250,250,250,250
EmanHall19,2019,Hall,Emanuel,,250,250,250,250,250,250,250,250,250,250,250,250,250,250,250,,,
Anthnson19,2019,Johnson,Anthony,,250,250,250,250,250,250,250,250,250,250,250,250,250,250,250,,,
Stanrgan19,2019,Morgan,Stanley,,250,250,250,250,250,250,250,250,250,250,250,250,250,250,250,,,
Tyrerady19,2019,Brady,Tyre,,250,250,250,250,250,250,250,250,250,250,250,250,250,250,250,,,
Feltavis19,2019,Davis,Felton,,250,250,250,250,250,250,250,250,250,250,250,250,250,250,250,,,
Alexsley19,2019,Wesley,Alex,,250,250,250,250,250,250,250,250,250,250,250,250,250,250,250,,,
Jazzuson19,2019,Ferguson,Jazz,,250,250,250,250,250,250,250,250,250,250,250,250,250,250,250,,,
DaMaodge19,2019,Lodge,DaMarkus,,250,250,250,250,250,250,250,250,250,250,250,250,250,250,250,,,
Cornwell21,2021,Powell,Cornell,,250,250,250,250,250,250,250,250,250,,,,,,,,,
Marqnson21,2021,Stevenson,Marquez,,250,250,250,250,250,250,250,250,250,,,,,,,,,
Treixon21,2021,Nixon,Tre,,250,250,250,250,250,250,250,250,250,,,,,,,,,
Kawaaker21,2021,Baker,Kawaan,,250,250,250,250,250,250,250,250,250,,,,,,,,,
Tamoerry21,2021,Terry,Tamorrion,,250,250,250,250,250,250,250,250,250,,,,,,,,,
Austkins21,2021,Watkins,Austin,Jr.,250,250,250,250,250,250,250,250,250,,,,,,,,,
Joshebhe21,2021,Imatorbhebhe,Josh,,250,250,250,250,250,250,250,250,250,,,,,,,,,
Whoplyor21,2021,Philyor,Whop,,250,250,250,250,250,250,250,250,250,,,,,,,,,
Sageratt21,2021,Surratt,Sage,,250,250,250,250,250,250,250,250,250,,,,,,,,,
Dilloner21,2021,Stoner,Dillon,,250,250,250,250,250,250,250,250,250,,,,,,,,,
IsaicKoy21,2021,McKoy,Isaiah,,250,250,250,250,250,250,250,250,250,,,,,,,,,
Jamastis19,2019,Custis,Jamal,,250,250,250,250,250,250,250,250,250,250,250,250,250,250,250,,,
Jonvnson19,2019,Johnson,Jon'Vea,,250,250,250,250,250,250,250,250,250,250,250,250,250,250,250,,,
Anthiams19,2019,Ratliff-Williams,Anthony,,250,250,250,250,250,250,250,250,250,250,250,250,250,250,250,,,
Jaylmith19,2019,Smith,Jaylen,,250,250,250,250,250,250,250,250,250,250,250,250,250,250,250,,,
Codypson19,2019,Thompson,Cody,,250,250,250,250,250,250,250,250,250,250,250,250,250,250,250,,,
Regghite19,2019,White,Reggie,Jr.,250,250,250,250,250,250,250,250,250,250,250,250,250,250,250,,,
Nyqwrray19,2019,Murray,Nyqwan,,250,250,250,250,250,250,250,250,250,250,250,250,250,250,250,,,
Justpter19,2019,Sumpter,Justin,,250,250,250,250,250,250,250,250,250,250,250,250,250,250,250,,,
Treyrock19,2019,Brock,Trey,,250,250,250,250,250,250,250,250,250,250,250,250,250,250,250,,,
Emmatler19,2019,Butler,Emmanuel,,250,250,250,250,250,250,250,250,250,250,250,250,250,250,250,,,
Ryanavis19,2019,Davis,Ryan,,250,250,250,250,250,250,250,250,250,250,250,250,250,250,250,,,
Johnixon19,2019,Dixon,Johnnie,,250,250,250,250,250,250,250,250,250,250,250,250,250,250,250,,,
Jovoante19,2019,Durante,Jovon,,250,250,250,250,250,250,250,250,250,250,250,250,250,250,250,,,
Damiiere19,2019,Jeanpiere,Damion,,250,250,250,250,250,250,250,250,250,250,250,250,250,250,250,,,
Kelvight19,2019,McKnight,Kelvin,,250,250,250,250,250,250,250,250,250,250,250,250,250,250,250,,,
JamaWay19,2019,Way,Jamarius,,250,250,250,250,250,250,250,250,250,250,250,250,250,250,250,,,
Doriaker19,2019,Baker,Dorian,,250,250,250,250,250,250,250,250,250,250,250,250,250,250,250,,,
Corelmes19,2019,Holmes,Corey,,250,250,250,250,250,250,250,250,250,250,250,250,250,250,250,,,
Triskson20,2020,Jackson,Trishton,,250,250,250,250,250,250,250,250,250,250,250,250,,,,,,
Quaravis20,2020,Davis,Quartney,,250,250,250,250,250,250,250,250,250,250,250,250,,,,,,
Kalicomb20,2020,Lipscomb,Kalija,,250,250,250,250,250,250,250,250,250,250,250,250,,,,,,
Tylemons20,2020,Simmons,Tyler,,250,250,250,250,250,250,250,250,250,250,250,250,,,,,,
Omarless20,2020,Bayless,Omar,,250,250,250,250,250,250,250,250,250,250,250,250,,,,,,
Tyleghns21,2021,Vaughns,Tyler,,250,250,250,250,250,250,250,250,250,,,,,,,,,
Aarorker20,2020,Parker,Aaron,,250,250,250,250,250,250,250,250,250,250,250,250,,,,,,
Tonyrown20,2020,Brown,Tony,,250,250,250,250,250,250,250,250,250,250,250,250,,,,,,
Damolton21,2021,Hazelton,Damon,Jr.,250,250,250,250,250,250,250,250,250,,,,,,,,,
Kirkritt20,2020,Merritt,Kirk,,250,250,250,250,250,250,250,250,250,250,250,250,,,,,,
CaleRepp20,2020,Repp,Caleb,,250,250,250,250,250,250,250,250,250,250,250,250,,,,,,
Marliams21,2021,Williams,Marlon,,250,250,250,250,250,250,250,250,250,,,,,,,,,
Keyiixon21,2021,Dixon,Keyion,,250,250,250,250,250,250,250,250,250,,,,,,,,,
Jeffomas20,2020,Thomas,Jeff,,250,250,250,250,250,250,250,250,250,250,250,250,,,,,,
Joshrson20,2020,Pearson,Josh,,250,250,250,250,250,250,250,250,250,250,250,250,,,,,,
Stepidry20,2020,Guidry,Stephen,,250,250,250,250,250,250,250,250,250,250,250,250,,,,,,
Timrick17,2017,Patrick,Tim,,250,250,250,250,250,250,250,250,250,250,250,250,250,250,250,250,250,250
KeelCole17,2017,Cole,Keelan,,250,250,250,250,250,250,250,250,250,250,250,250,250,250,250,250,250,250
Zachscal17,2017,Pascal,Zach,,250,250,250,250,250,250,250,250,250,250,250,250,250,250,250,250,250,250
GregWard17,2017,Ward,Greg,,250,250,250,250,250,250,250,250,250,250,250,250,250,250,250,250,250,250
Cyriyson17,2017,Grayson,Cyril,,250,250,250,250,250,250,250,250,250,250,250,250,250,250,250,250,250,250
Trennnon17,2017,Cannon,Trenton,,250,250,250,250,250,250,250,250,250,250,250,250,250,250,250,250,250,250
AustCarr17,2017,Carr,Austin,,250,250,250,250,250,250,250,250,250,250,250,250,250,250,250,250,250,250
Travolph17,2017,Rudolph,Travis,,250,250,250,250,250,250,250,250,250,250,250,250,250,250,250,250,250,250
Bobolson17,2017,Wilson,Bobo,,250,250,250,250,250,250,250,250,250,250,250,250,250,250,250,250,250,250
JoJotson17,2017,Natson,JoJo,,250,250,250,250,250,250,250,250,250,250,250,250,250,250,250,250,250,250
Gehreter17,2017,Dieter,Gehrig,,250,250,250,250,250,250,250,250,250,250,250,250,250,250,250,250,250,250
Keoncher17,2017,Hatcher,Keon,,250,250,250,250,250,250,250,250,250,250,250,250,250,250,250,250,250,250
Bailther21,2021,Gaither,Bailey,,250,250,250,250,250,250,250,250,250,,,,,,,,,
Branmith21,2021,Smith,Brandon,,250,250,250,250,250,250,250,250,250,,,,,,,,,
Krisogan17,2017,Hogan,Krishawn,,250,250,250,250,250,250,250,250,250,250,250,250,250,250,250,250,250,250
Javonley21,2021,McKinley,Javon,,250,250,250,250,250,250,250,250,250,,,,,,,,,
Jonadams21,2021,Adams,Jonathan,Jr.,250,250,250,250,250,250,250,250,250,,,,,,,,,
Willings20,2020,Hastings,Will,,250,250,250,250,250,250,250,250,250,250,250,250,,,,,,
Warrkson21,2021,Jackson,Warren,,250,250,250,250,250,250,250,250,250,,,,,,,,,
AntoNunn21,2021,Nunn,Antonio,,250,250,250,250,250,250,250,250,250,,,,,,,,,
Adriardy21,2021,Hardy,Adrian,,250,250,250,250,250,250,250,250,250,,,,,,,,,
Khallain21,2021,McClain,Khalil,,250,250,250,250,250,250,250,250,250,,,,,,,,,
Trevimes21,2021,Grimes,Trevon,,250,250,250,250,250,250,250,250,250,,,,,,,,,
Blakoehl21,2021,Proehl,Blake,,250,250,250,250,250,250,250,250,250,,,,,,,,,
Brengles21,2021,Eagles,Brennan,,250,250,250,250,250,250,250,250,250,,,,,,,,,
TJsher21,2021,Vasher,T.J.,,250,250,250,250,250,250,250,250,250,,,,,,,,,
BranMack21,2021,Mack,Branden,,250,250,250,250,250,250,250,250,250,,,,,,,,,
Chriinke20,2020,Finke,Chris,,250,250,250,250,250,250,250,250,250,250,250,250,,,,,,
Scotgton20,2020,Washington,Scotty,,250,250,250,250,250,250,250,250,250,250,250,250,,,,,,
Benctor20,2020,Victor,Ben,,250,250,250,250,250,250,250,250,250,250,250,250,,,,,,
Mathxton20,2020,Sexton,Mathew,,250,250,250,250,250,250,250,250,250,250,250,250,,,,,,
JJoski20,2020,Koski,J.J.,,250,250,250,250,250,250,250,250,250,250,250,250,,,,,,
Johnurst20,2020,Hurst,John,,250,250,250,250,250,250,250,250,250,250,250,250,,,,,,
Aaroller20,2020,Fuller,Aaron,,250,250,250,250,250,250,250,250,250,250,250,250,,,,,,
AlevHifo20,2020,Hifo,Aleva,,250,250,250,250,250,250,250,250,250,250,250,250,,,,,,
Darrwart20,2020,Stewart,Darrell,,250,250,250,250,250,250,250,250,250,250,250,250,,,,,,
Devintry20,2020,Gentry,Devin,,250,250,250,250,250,250,250,250,250,250,250,250,,,,,,
Johnnson20,2020,Johnson,Johnathon,,250,250,250,250,250,250,250,250,250,250,250,250,,,,,,
Dalthoen20,2020,Schoen,Dalton,,250,250,250,250,250,250,250,250,250,250,250,250,,,,,,
Georahee20,2020,Wahee,George,,250,250,250,250,250,250,250,250,250,250,250,250,,,,,,
Chriland20,2020,Rowland,Chris,,250,250,250,250,250,250,250,250,250,250,250,250,,,,,,
Rogeewis16,2016,Lewis,Roger,,250,250,250,250,250,250,250,250,250,250,250,250,250,250,250,250,250,250
Chesgers16,2016,Rogers,Chester,,250,250,250,250,250,250,250,250,250,250,250,250,250,250,250,250,250,250
Alexkson16,2016,Erickson,Alex,,250,250,250,250,250,250,250,250,250,250,250,250,250,250,250,250,250,250
Geroison16,2016,Allison,Geronimo,,250,250,250,250,250,250,250,250,250,250,250,250,250,250,250,250,250,250
MarvHall16,2016,Hall,Marvin,,250,250,250,250,250,250,250,250,250,250,250,250,250,250,250,250,250,250
Conngton21,2021,Wedington,Connor,,250,250,250,250,250,250,250,250,250,,,,,,,,,
Johnlton16,2016,Holton,Johnny,,250,250,250,250,250,250,250,250,250,250,250,250,250,250,250,250,250,250
Jhamsbon21,2021,Ausbon,Jhamon,,250,250,250,250,250,250,250,250,250,,,,,,,,,
Maurrris16,2016,Harris,Maurice,,250,250,250,250,250,250,250,250,250,250,250,250,250,250,250,250,250,250
Tommewis16,2016,Lewis,Tommylee,,250,250,250,250,250,250,250,250,250,250,250,250,250,250,250,250,250,250
Dukeiams16,2016,Williams,Duke,,250,250,250,250,250,250,250,250,250,250,250,250,250,250,250,250,250,250
Osirhell21,2021,Mitchell,Osirus,,250,250,250,250,250,250,250,250,250,,,,,,,,,
Ricossey21,2021,Bussey,Rico,,250,250,250,250,250,250,250,250,250,,,,,,,,,
DJster16,2016,Foster,D.J.,,250,250,250,250,250,250,250,250,250,250,250,250,250,250,250,250,250,250
Damooxie21,2021,Coxie,Damonte,,250,250,250,250,250,250,250,250,250,,,,,,,,,
RileLees21,2021,Lees,Riley,,250,250,250,250,250,250,250,250,250,,,,,,,,,
Jaydkens16,2016,Mickens,Jaydon,,250,250,250,250,250,250,250,250,250,250,250,250,250,250,250,250,250,250
Kalimond16,2016,Raymond,Kalif,,250,250,250,250,250,250,250,250,250,250,250,250,250,250,250,250,250,250
Huntharp16,2016,Sharp,Hunter,,250,250,250,250,250,250,250,250,250,250,250,250,250,250,250,250,250,250
DeVoukes21,2021,Dukes,DeVontres,,250,250,250,250,250,250,250,250,250,,,,,,,,,
Donnrley21,2021,Corley,Donnie,,250,250,250,250,250,250,250,250,250,,,,,,,,,
JDlman21,2021,Spielman,JD,,250,250,250,250,250,250,250,250,250,,,,,,,,,
Jereydel21,2021,Haydel,Jeremiah,,250,250,250,250,250,250,250,250,250,,,,,,,,,
Jereoman23,2021,Holloman,Jeremiah,,250,250,250,250,250,250,250,250,250,,,,,,,,,
Kekoford21,2021,Crawford,Kekoa,,250,250,250,250,250,250,250,250,250,,,,,,,,,
Landkers21,2021,Akers,Landen,,250,250,250,250,250,250,250,250,250,,,,,,,,,
Maliiams21,2021,Williams,Malik,,250,250,250,250,250,250,250,250,250,,,,,,,,,
Theoward21,2021,Howard,Theo,,250,250,250,250,250,250,250,250,250,,,,,,,,,
Johnchie22,2022,Metchie,John,,250,250,250,250,250,250,,,,,,,,,,,,
Calvstin22,2022,Austin,Calvin,III,250,250,250,250,250,250,,,,,,,,,,,,
Andyones16,2016,Jones,Andy,,250,250,250,250,250,250,250,250,250,250,250,250,250,250,250,250,250,250
Bralison16,2016,Addison,Bralon,,250,250,250,250,250,250,250,250,250,250,250,250,250,250,250,250,250,250
Michoods22,2022,Woods,Michael,,250,250,250,250,250,250,,,,,,,,,,,,
Bolton22,2022,Melton,Bo,,250,250,250,250,250,250,,,,,,,,,,,,
MakaPolk22,2022,Polk,Makai,,250,250,250,250,250,250,,,,,,,,,,,,
Jalihall16,2016,Marshall,Jalin,,250,250,250,250,250,250,250,250,250,250,250,250,250,250,250,250,250,250
Kevistin22,2022,Austin,Kevin,Jr.,250,250,250,250,250,250,,,,,,,,,,,,
Dontmond22,2022,Drummond,Dontario,,250,250,250,250,250,250,,,,,,,,,,,,
Trerner22,2022,Turner,Tre,,250,250,250,250,250,250,,,,,,,,,,,,
JustRoss22,2022,Ross,Justyn,,250,250,250,250,250,250,,,,,,,,,,,,
Paulerts16,2016,McRoberts,Paul,,250,250,250,250,250,250,250,250,250,250,250,250,250,250,250,250,250,250
DeAnrter15,2015,Carter,DeAndre,,250,250,250,250,250,250,250,250,250,250,250,250,250,250,250,250,250,250
Dariings15,2015,Jennings,Darius,,250,250,250,250,250,250,250,250,250,250,250,250,250,250,250,250,250,250
Isaiston22,2022,Weston,Isaiah,,250,250,250,250,250,250,,,,,,,,,,,,
Kaseiams15,2015,Williams,Kasen,,250,250,250,250,250,250,250,250,250,250,250,250,250,250,250,250,250,250
DeAnhite15,2015,White,DeAndrew,,250,250,250,250,250,250,250,250,250,250,250,250,250,250,250,250,250,250
Keshbram22,2022,Abram,Keshunn,,250,250,250,250,250,250,,,,,,,,,,,,
Dresrson15,2015,Anderson,Dres,,250,250,250,250,250,250,250,250,250,250,250,250,250,250,250,250,250,250
Tituavis15,2015,Davis,Titus,,250,250,250,250,250,250,250,250,250,250,250,250,250,250,250,250,250,250
Antwdley15,2015,Goodley,Antwan,,250,250,250,250,250,250,250,250,250,250,250,250,250,250,250,250,250,250
Joshrper15,2015,Harper,Josh,,250,250,250,250,250,250,250,250,250,250,250,250,250,250,250,250,250,250
AustHill15,2015,Hill,Austin,,250,250,250,250,250,250,250,250,250,250,250,250,250,250,250,250,250,250
Donakett15,2015,Luckett,Donatella,,250,250,250,250,250,250,250,250,250,250,250,250,250,250,250,250,250,250
DaVaiels15,2015,Daniels,DaVaris,,250,250,250,250,250,250,250,250,250,250,250,250,250,250,250,250,250,250
Devaavis15,2015,Davis,Devante,,250,250,250,250,250,250,250,250,250,250,250,250,250,250,250,250,250,250
RannHall15,2015,Hall,Rannell,,250,250,250,250,250,250,250,250,250,250,250,250,250,250,250,250,250,250
DeonLong15,2015,Long,Deon,,250,250,250,250,250,250,250,250,250,250,250,250,250,250,250,250,250,250
Leviwood15,2015,Norwood,Levi,,250,250,250,250,250,250,250,250,250,250,250,250,250,250,250,250,250,250
Zachazio15,2015,D'Orazio,Zach,,250,250,250,250,250,250,250,250,250,250,250,250,250,250,250,250,250,250
Deonerry15,2015,Greenberry,Deontay,,250,250,250,250,250,250,250,250,250,250,250,250,250,250,250,250,250,250
NigeKing15,2015,King,Nigel,,250,250,250,250,250,250,250,250,250,250,250,250,250,250,250,250,250,250
Camrthy15,2015,Worthy,Cam,,250,250,250,250,250,250,250,250,250,250,250,250,250,250,250,250,250,250
Ezelffin15,2015,Ruffin,Ezell,,250,250,250,250,250,250,250,250,250,250,250,250,250,250,250,250,250,250
Chriones15,2015,Jones,Christion,,250,250,250,250,250,250,250,250,250,250,250,250,250,250,250,250,250,250
Jaxopley15,2015,Shipley,Jaxon,,250,250,250,250,250,250,250,250,250,250,250,250,250,250,250,250,250,250
Michnett15,2015,Bennett,Michael,,250,250,250,250,250,250,250,250,250,250,250,250,250,250,250,250,250,250
Johnrris15,2015,Harris,John,,250,250,250,250,250,250,250,250,250,250,250,250,250,250,250,250,250,250
Tannnner22,2022,Conner,Tanner,,250,250,250,250,250,250,,,,,,,,,,,,
Braneman14,2014,Coleman,Brandon,,250,250,250,250,250,250,250,250,250,250,250,250,250,250,250,250,250,250
Solotton14,2014,Patton,Solomon,,250,250,250,250,250,250,250,250,250,250,250,250,250,250,250,250,250,250
Berneedy14,2014,Reedy,Bernard,,250,250,250,250,250,250,250,250,250,250,250,250,250,250,250,250,250,250
Seanones14,2014,Jones,Seantavius,,250,250,250,250,250,250,250,250,250,250,250,250,250,250,250,250,250,250
Isaiurse14,2014,Burse,Isaiah,,250,250,250,250,250,250,250,250,250,250,250,250,250,250,250,250,250,250
ChriBoyd14,2014,Boyd,Chris,,250,250,250,250,250,250,250,250,250,250,250,250,250,250,250,250,250,250
Kainlter14,2014,Colter,Kain,,250,250,250,250,250,250,250,250,250,250,250,250,250,250,250,250,250,250
LDamgton14,2014,Washington,L'Damian,,250,250,250,250,250,250,250,250,250,250,250,250,250,250,250,250,250,250
Brelllor14,2014,Chancellor,Brelan,,250,250,250,250,250,250,250,250,250,250,250,250,250,250,250,250,250,250
Austklin14,2014,Franklin,Austin,,250,250,250,250,250,250,250,250,250,250,250,250,250,250,250,250,250,250
Marcucas14,2014,Lucas,Marcus,,250,250,250,250,250,250,250,250,250,250,250,250,250,250,250,250,250,250
Nathhter14,2014,Slaughter,Nathan,,250,250,250,250,250,250,250,250,250,250,250,250,250,250,250,250,250,250
Joshwart14,2014,Stewart,Josh,,250,250,250,250,250,250,250,250,250,250,250,250,250,250,250,250,250,250
Tyogle22,2022,Fryfogle,Ty,,250,250,250,250,250,250,,,,,,,,,,,,
Jaqurson22,2022,Roberson,Jaquarii,,250,250,250,250,250,250,,,,,,,,,,,,
DJoles14,2014,Coles,D.J.,,250,250,250,250,250,250,250,250,250,250,250,250,250,250,250,250,250,250
Jerrerns22,2022,Sterns,Jerreth,,250,250,250,250,250,250,,,,,,,,,,,,
Dontster14,2014,Foster,Donte,,250,250,250,250,250,250,250,250,250,250,250,250,250,250,250,250,250,250
Britovey22,2022,Covey,Britain,,250,250,250,250,250,250,,,,,,,,,,,,
Codyfman14,2014,Hoffman,Cody,,250,250,250,250,250,250,250,250,250,250,250,250,250,250,250,250,250,250
Deerson22,2022,Anderson,Dee,,250,250,250,250,250,250,,,,,,,,,,,,
Daijixon22,2022,Dixon,Dai'Jean,,250,250,250,250,250,250,,,,,,,,,,,,
Charambo22,2022,Rambo,Charleston,,250,250,250,250,250,250,,,,,,,,,,,,
Emekezie22,2022,Emezie,Emeka,,250,250,250,250,250,250,,,,,,,,,,,,
Torrllen14,2014,Allen,Torrence,,250,250,250,250,250,250,250,250,250,250,250,250,250,250,250,250,250,250
Kalieton22,2022,Pimpleton,Kalil,,250,250,250,250,250,250,,,,,,,,,,,,
Devoiams22,2022,Williams,Devon,,250,250,250,250,250,250,,,,,,,,,,,,
Aarourks14,2014,Burks,Aaron,,250,250,250,250,250,250,250,250,250,250,250,250,250,250,250,250,250,250
Jequzard22,2022,Ezzard,Jequez,,250,250,250,250,250,250,,,,,,,,,,,,
TaysMack22,2022,Mack,Taysir,,250,250,250,250,250,250,,,,,,,,,,,,
Tayrtin22,2022,Martin,Tay,,250,250,250,250,250,250,,,,,,,,,,,,
Damiland14,2014,Copeland,Damian,,250,250,250,250,250,250,250,250,250,250,250,250,250,250,250,250,250,250
Johnnson22,2022,Johnson,Johnny,III,250,250,250,250,250,250,,,,,,,,,,,,
Kwamiter22,2022,Lassiter,Kwamie,II,250,250,250,250,250,250,,,,,,,,,,,,
GeraFord14,2014,Ford,Gerald,,250,250,250,250,250,250,250,250,250,250,250,250,250,250,250,250,250,250
Sladlden22,2022,Bolden,Slade,,250,250,250,250,250,250,,,,,,,,,,,,
Calvrner22,2022,Turner,Calvin,Jr.,250,250,250,250,250,250,,,,,,,,,,,,
Jaivligh22,2022,Heiligh,Jaivon,,250,250,250,250,250,250,,,,,,,,,,,,
Coretton22,2022,Sutton,Corey,,250,250,250,250,250,250,,,,,,,,,,,,
Kayliger22,2022,Geiger,Kaylon,,250,250,250,250,250,250,,,,,,,,,,,,
Chanones14,2014,Jones,Chandler,,250,250,250,250,250,250,250,250,250,250,250,250,250,250,250,250,250,250
Mikerley22,2022,Harley,Mike,,250,250,250,250,250,250,,,,,,,,,,,,
Stanhill22,2022,Berryhill,Stanley,III,250,250,250,250,250,250,,,,,,,,,,,,
Ryanford14,2014,Lankford,Ryan,,250,250,250,250,250,250,250,250,250,250,250,250,250,250,250,250,250,250
Thomigan22,2022,Hennigan,Thomas,,250,250,250,250,250,250,,,,,,,,,,,,
Rashence14,2014,Lawrence,Rashad,,250,250,250,250,250,250,250,250,250,250,250,250,250,250,250,250,250,250
Jazolds14,2014,Reynolds,Jaz,,250,250,250,250,250,250,250,250,250,250,250,250,250,250,250,250,250,250
Andravis15,2015,Davis,Andre,,250,250,250,250,250,250,250,250,250,250,250,250,250,250,250,250,250,250
Reggrson22,2022,Roberson,Reggie,Jr.,250,250,250,250,250,250,,,,,,,,,,,,
Joshnson22,2022,Johnson,Josh,,250,250,250,250,250,250,,,,,,,,,,,,